Extraction Date:,2/21/2024,,,,,,,
Updated:,,,,,,,,
Revised:,2/13/2025,,,,,,,
,,,,,,,,
Year,State,Personnel Type,Teachers Fully Certified/Paraprofessionals Qualified,"Teachers Not Fully Certified/Paraprofessionals Not Qualified",Teachers/Paraprofessionals Total,Fully Certified,Not Fully Certified,Fully Certified/Not Fully Certified Total
2022,Alabama,Special Education Paraprofessionals for Early Childhood,547,2,549,-,-,-
2022,Alabama,Special Education Paraprofessionals for School Age,5154,36,5190,-,-,-
2022,Alabama,Total Special Education Paraprofessionals,5701,38,5739,-,-,-
2022,Alabama,Special Education Teachers for Early Childhood,368,4,372,-,-,-
2022,Alabama,Special Education Teachers for School Age,5158,116,5274,-,-,-
2022,Alabama,Total Special Education Teachers,5526,120,5646,-,-,-
2022,Alabama,Audiologists,-,-,-,16,0,16
2022,Alabama,Counselors and Rehabilitation Counselors,-,-,-,375,0,375
2022,Alabama,Interpreters,-,-,-,104,0,104
2022,Alabama,Medical / Nursing Service Staff,-,-,-,680,0,680
2022,Alabama,Occupational Therapists,-,-,-,203,0,203
2022,Alabama,Orientation and Mobility Specialists,-,-,-,15,0,15
2022,Alabama,Physical Education Teachers and Recreation and Therapeutic Recreation Specialists,-,-,-,358,0,358
2022,Alabama,Physical Therapists,-,-,-,83,0,83
2022,Alabama,Psychologists,-,-,-,167,0,167
2022,Alabama,Social Workers,-,-,-,104,0,104
2022,Alabama,Speech-Language Pathologists,-,-,-,973,0,973
2022,Alaska,Special Education Paraprofessionals for Early Childhood,88.52,44.97,133.49,-,-,-
2022,Alaska,Special Education Paraprofessionals for School Age,913.6,657.05,1570.65,-,-,-
2022,Alaska,Total Special Education Paraprofessionals,1002.12,702.02,1704.14,-,-,-
2022,Alaska,Special Education Teachers for Early Childhood,42.8,8.05,50.85,-,-,-
2022,Alaska,Special Education Teachers for School Age,958.8,100.8,1059.6,-,-,-
2022,Alaska,Total Special Education Teachers,1001.6,108.85,1110.45,-,-,-
2022,Alaska,Audiologists,-,-,-,4.9,5,9.9
2022,Alaska,Counselors and Rehabilitation Counselors,-,-,-,1,0,1
2022,Alaska,Interpreters,-,-,-,3.5,0,3.5
2022,Alaska,Medical / Nursing Service Staff,-,-,-,8,0,8
2022,Alaska,Occupational Therapists,-,-,-,51.4,0,51.4
2022,Alaska,Orientation and Mobility Specialists,-,-,-,11,3,14
2022,Alaska,Physical Education Teachers and Recreation and Therapeutic Recreation Specialists,-,-,-,10.5,3.2,13.7
2022,Alaska,Physical Therapists,-,-,-,23.6,0.25,23.85
2022,Alaska,Psychologists,-,-,-,83.25,0.25,83.5
2022,Alaska,Social Workers,-,-,-,1,0,1
2022,Alaska,Speech-Language Pathologists,-,-,-,130.5,5,135.5
2022,American Samoa,Special Education Paraprofessionals for Early Childhood,0,0,0,-,-,-
2022,American Samoa,Special Education Paraprofessionals for School Age,0,0,0,-,-,-
2022,American Samoa,Total Special Education Paraprofessionals,0,0,0,-,-,-
2022,American Samoa,Special Education Teachers for Early Childhood,3,6,9,-,-,-
2022,American Samoa,Special Education Teachers for School Age,114,48,162,-,-,-
2022,American Samoa,Total Special Education Teachers,117,54,171,-,-,-
2022,American Samoa,Audiologists,-,-,-,1,0,1
2022,American Samoa,Counselors and Rehabilitation Counselors,-,-,-,0,0,0
2022,American Samoa,Interpreters,-,-,-,2,0,2
2022,American Samoa,Medical / Nursing Service Staff,-,-,-,-,-,-
2022,American Samoa,Occupational Therapists,-,-,-,1,0,1
2022,American Samoa,Orientation and Mobility Specialists,-,-,-,3,0,3
2022,American Samoa,Physical Education Teachers and Recreation and Therapeutic Recreation Specialists,-,-,-,-,-,-
2022,American Samoa,Physical Therapists,-,-,-,1,0,1
2022,American Samoa,Psychologists,-,-,-,1,0,1
2022,American Samoa,Social Workers,-,-,-,-,-,-
2022,American Samoa,Speech-Language Pathologists,-,-,-,1,0,1
2022,Arizona,Special Education Paraprofessionals for Early Childhood,901.76,167.5,1069.26,-,-,-
2022,Arizona,Special Education Paraprofessionals for School Age,8038.44,1543.15,9581.59,-,-,-
2022,Arizona,Total Special Education Paraprofessionals,8940.2,1710.65,10650.85,-,-,-
2022,Arizona,Special Education Teachers for Early Childhood,587.65,90.04,677.69,-,-,-
2022,Arizona,Special Education Teachers for School Age,7217.94,508.51,7726.45,-,-,-
2022,Arizona,Total Special Education Teachers,7805.59,598.55,8404.14,-,-,-
2022,Arizona,Audiologists,-,-,-,42.48,2,44.48
2022,Arizona,Counselors and Rehabilitation Counselors,-,-,-,841.52,30.06,871.58
2022,Arizona,Interpreters,-,-,-,190.28,21.46,211.74
2022,Arizona,Medical / Nursing Service Staff,-,-,-,717.15,99.68,816.83
2022,Arizona,Occupational Therapists,-,-,-,626.77,24.9,651.67
2022,Arizona,Orientation and Mobility Specialists,-,-,-,47.37,0,47.37
2022,Arizona,Physical Education Teachers and Recreation and Therapeutic Recreation Specialists,-,-,-,408.4,40.25,448.65
2022,Arizona,Physical Therapists,-,-,-,208.09,2,210.09
2022,Arizona,Psychologists,-,-,-,1178.61,34.2,1212.81
2022,Arizona,Social Workers,-,-,-,343.29,5,348.29
2022,Arizona,Speech-Language Pathologists,-,-,-,1727.78,45.04,1772.82
2022,Arkansas,Special Education Paraprofessionals for Early Childhood,33.5,25.2,58.7,-,-,-
2022,Arkansas,Special Education Paraprofessionals for School Age,1861.78,742.02,2603.8,-,-,-
2022,Arkansas,Total Special Education Paraprofessionals,1895.28,767.22,2662.5,-,-,-
2022,Arkansas,Special Education Teachers for Early Childhood,370.91,25,395.91,-,-,-
2022,Arkansas,Special Education Teachers for School Age,3869.73,611.48,4481.21,-,-,-
2022,Arkansas,Total Special Education Teachers,4240.64,636.48,4877.12,-,-,-
2022,Arkansas,Audiologists,-,-,-,1.31,0,1.31
2022,Arkansas,Counselors and Rehabilitation Counselors,-,-,-,10.94,0,10.94
2022,Arkansas,Interpreters,-,-,-,14.57,2,16.57
2022,Arkansas,Medical / Nursing Service Staff,-,-,-,11.17,1.5,12.67
2022,Arkansas,Occupational Therapists,-,-,-,206.83,14,220.83
2022,Arkansas,Orientation and Mobility Specialists,-,-,-,3.56,0,3.56
2022,Arkansas,Physical Education Teachers and Recreation and Therapeutic Recreation Specialists,-,-,-,1,0,1
2022,Arkansas,Physical Therapists,-,-,-,90.16,4.2,94.36
2022,Arkansas,Psychologists,-,-,-,195.12,3.62,198.74
2022,Arkansas,Social Workers,-,-,-,0.94,0,0.94
2022,Arkansas,Speech-Language Pathologists,-,-,-,-,-,-
2022,Bureau of Indian Education,Special Education Paraprofessionals for Early Childhood,0,0,0,-,-,-
2022,Bureau of Indian Education,Special Education Paraprofessionals for School Age,168,302.87,470.87,-,-,-
2022,Bureau of Indian Education,Total Special Education Paraprofessionals,168,302.87,470.87,-,-,-
2022,Bureau of Indian Education,Special Education Teachers for Early Childhood,2,0,2,-,-,-
2022,Bureau of Indian Education,Special Education Teachers for School Age,208.14,220.5,428.64,-,-,-
2022,Bureau of Indian Education,Total Special Education Teachers,210.14,220.5,430.64,-,-,-
2022,Bureau of Indian Education,Audiologists,-,-,-,0,0,0
2022,Bureau of Indian Education,Counselors and Rehabilitation Counselors,-,-,-,15.8,17.25,33.05
2022,Bureau of Indian Education,Interpreters,-,-,-,2.04,2,4.04
2022,Bureau of Indian Education,Medical / Nursing Service Staff,-,-,-,1,1.68,2.68
2022,Bureau of Indian Education,Occupational Therapists,-,-,-,20.83,16.84,37.67
2022,Bureau of Indian Education,Orientation and Mobility Specialists,-,-,-,0.4,0.1,0.5
2022,Bureau of Indian Education,Physical Education Teachers and Recreation and Therapeutic Recreation Specialists,-,-,-,0,0,0
2022,Bureau of Indian Education,Physical Therapists,-,-,-,9.5,9.05,18.55
2022,Bureau of Indian Education,Psychologists,-,-,-,21.08,11.91,32.99
2022,Bureau of Indian Education,Social Workers,-,-,-,6.75,6,12.75
2022,Bureau of Indian Education,Speech-Language Pathologists,-,-,-,42.67,32.05,74.72
2022,California,Special Education Paraprofessionals for Early Childhood,5524.21,0,5524.21,-,-,-
2022,California,Special Education Paraprofessionals for School Age,63907.89,0,63907.89,-,-,-
2022,California,Total Special Education Paraprofessionals,69432.1,0,69432.1,-,-,-
2022,California,Special Education Teachers for Early Childhood,3324.77,167.85,3492.62,-,-,-
2022,California,Special Education Teachers for School Age,39034.8,2437.18,41471.98,-,-,-
2022,California,Total Special Education Teachers,42359.57,2605.03,44964.6,-,-,-
2022,California,Audiologists,-,-,-,173.57,10.3,183.87
2022,California,Counselors and Rehabilitation Counselors,-,-,-,3098.65,134.24,3232.89
2022,California,Interpreters,-,-,-,732.87,85.07,817.94
2022,California,Medical / Nursing Service Staff,-,-,-,3460.77,246.48,3707.25
2022,California,Occupational Therapists,-,-,-,2261.85,107.15,2369
2022,California,Orientation and Mobility Specialists,-,-,-,259.03,8.44,267.47
2022,California,Physical Education Teachers and Recreation and Therapeutic Recreation Specialists,-,-,-,1190.17,26.85,1217.02
2022,California,Physical Therapists,-,-,-,378.06,26.98,405.04
2022,California,Psychologists,-,-,-,7529.05,131.72,7660.77
2022,California,Social Workers,-,-,-,809.56,63.3,872.86
2022,California,Speech-Language Pathologists,-,-,-,9239.28,415.47,9654.75
2022,Colorado,Special Education Paraprofessionals for Early Childhood,641.32,0,641.32,-,-,-
2022,Colorado,Special Education Paraprofessionals for School Age,8054.05,0,8054.05,-,-,-
2022,Colorado,Total Special Education Paraprofessionals,8695.37,0,8695.37,-,-,-
2022,Colorado,Special Education Teachers for Early Childhood,466.82,45.63,512.45,-,-,-
2022,Colorado,Special Education Teachers for School Age,5479.75,322.61,5802.36,-,-,-
2022,Colorado,Total Special Education Teachers,5946.57,368.24,6314.81,-,-,-
2022,Colorado,Audiologists,-,-,-,58.67,1.01,59.68
2022,Colorado,Counselors and Rehabilitation Counselors,-,-,-,54.9,6.07,60.97
2022,Colorado,Interpreters,-,-,-,100.44,4.34,104.78
2022,Colorado,Medical / Nursing Service Staff,-,-,-,240.09,7.65,247.74
2022,Colorado,Occupational Therapists,-,-,-,470.79,5.11,475.9
2022,Colorado,Orientation and Mobility Specialists,-,-,-,12.56,1.05,13.61
2022,Colorado,Physical Education Teachers and Recreation and Therapeutic Recreation Specialists,-,-,-,21.52,0,21.52
2022,Colorado,Physical Therapists,-,-,-,109.16,1.44,110.6
2022,Colorado,Psychologists,-,-,-,838.35,15.41,853.76
2022,Colorado,Social Workers,-,-,-,566.42,112.92,679.34
2022,Colorado,Speech-Language Pathologists,-,-,-,1291.17,15.09,1306.26
2022,Connecticut,Special Education Paraprofessionals for Early Childhood,1418.22,0,1418.22,-,-,-
2022,Connecticut,Special Education Paraprofessionals for School Age,10779.09,0,10779.09,-,-,-
2022,Connecticut,Total Special Education Paraprofessionals,12197.31,0,12197.31,-,-,-
2022,Connecticut,Special Education Teachers for Early Childhood,510.13,30,540.13,-,-,-
2022,Connecticut,Special Education Teachers for School Age,5690.98,340.72,6031.7,-,-,-
2022,Connecticut,Total Special Education Teachers,6201.11,370.72,6571.83,-,-,-
2022,Connecticut,Audiologists,-,-,-,-,-,-
2022,Connecticut,Counselors and Rehabilitation Counselors,-,-,-,282.51,0,282.51
2022,Connecticut,Interpreters,-,-,-,-,-,-
2022,Connecticut,Medical / Nursing Service Staff,-,-,-,-,-,-
2022,Connecticut,Occupational Therapists,-,-,-,-,-,-
2022,Connecticut,Orientation and Mobility Specialists,-,-,-,-,-,-
2022,Connecticut,Physical Education Teachers and Recreation and Therapeutic Recreation Specialists,-,-,-,1679.23,0,1679.23
2022,Connecticut,Physical Therapists,-,-,-,-,-,-
2022,Connecticut,Psychologists,-,-,-,468.2,0,468.2
2022,Connecticut,Social Workers,-,-,-,535.22,0,535.22
2022,Connecticut,Speech-Language Pathologists,-,-,-,1160.54,0,1160.54
2022,Delaware,Special Education Paraprofessionals for Early Childhood,0,33.71,33.71,-,-,-
2022,Delaware,Special Education Paraprofessionals for School Age,19.27,2403.82,2423.09,-,-,-
2022,Delaware,Total Special Education Paraprofessionals,19.27,2437.53,2456.8,-,-,-
2022,Delaware,Special Education Teachers for Early Childhood,26.82,3.49,30.31,-,-,-
2022,Delaware,Special Education Teachers for School Age,784.35,248.95,1033.3,-,-,-
2022,Delaware,Total Special Education Teachers,811.17,252.44,1063.61,-,-,-
2022,Delaware,Audiologists,-,-,-,1,0,1
2022,Delaware,Counselors and Rehabilitation Counselors,-,-,-,408,53,461
2022,Delaware,Interpreters,-,-,-,0,0,0
2022,Delaware,Medical / Nursing Service Staff,-,-,-,238,25,263
2022,Delaware,Occupational Therapists,-,-,-,5,0,5
2022,Delaware,Orientation and Mobility Specialists,-,-,-,0,5,5
2022,Delaware,Physical Education Teachers and Recreation and Therapeutic Recreation Specialists,-,-,-,82.68,8.87,91.55
2022,Delaware,Physical Therapists,-,-,-,1,1,2
2022,Delaware,Psychologists,-,-,-,199,13,212
2022,Delaware,Social Workers,-,-,-,34,4,38
2022,Delaware,Speech-Language Pathologists,-,-,-,10,0,10
2022,District of Columbia,Special Education Paraprofessionals for Early Childhood,34.78,36.6,71.38,-,-,-
2022,District of Columbia,Special Education Paraprofessionals for School Age,339.67,503.15,842.82,-,-,-
2022,District of Columbia,Total Special Education Paraprofessionals,374.45,539.75,914.2,-,-,-
2022,District of Columbia,Special Education Teachers for Early Childhood,62.11,6,68.11,-,-,-
2022,District of Columbia,Special Education Teachers for School Age,1338.84,289.1,1627.94,-,-,-
2022,District of Columbia,Total Special Education Teachers,1400.95,295.1,1696.05,-,-,-
2022,District of Columbia,Audiologists,-,-,-,3.1,0.55,3.65
2022,District of Columbia,Counselors and Rehabilitation Counselors,-,-,-,4,20,24
2022,District of Columbia,Interpreters,-,-,-,0,1,1
2022,District of Columbia,Medical / Nursing Service Staff,-,-,-,4,0.5,4.5
2022,District of Columbia,Occupational Therapists,-,-,-,22.38,70.34,92.72
2022,District of Columbia,Orientation and Mobility Specialists,-,-,-,0,0,0
2022,District of Columbia,Physical Education Teachers and Recreation and Therapeutic Recreation Specialists,-,-,-,2,7,9
2022,District of Columbia,Physical Therapists,-,-,-,5.3,14.75,20.05
2022,District of Columbia,Psychologists,-,-,-,114.43,34.15,148.58
2022,District of Columbia,Social Workers,-,-,-,199.55,100.48,300.03
2022,District of Columbia,Speech-Language Pathologists,-,-,-,156.31,43.05,199.36
2022,Federated States of Micronesia,Special Education Paraprofessionals for Early Childhood,0,0,0,-,-,-
2022,Federated States of Micronesia,Special Education Paraprofessionals for School Age,5,15,20,-,-,-
2022,Federated States of Micronesia,Total Special Education Paraprofessionals,5,15,20,-,-,-
2022,Federated States of Micronesia,Special Education Teachers for Early Childhood,9,3,12,-,-,-
2022,Federated States of Micronesia,Special Education Teachers for School Age,69,89,158,-,-,-
2022,Federated States of Micronesia,Total Special Education Teachers,78,92,170,-,-,-
2022,Federated States of Micronesia,Audiologists,-,-,-,0,0,0
2022,Federated States of Micronesia,Counselors and Rehabilitation Counselors,-,-,-,1,0,1
2022,Federated States of Micronesia,Interpreters,-,-,-,0,0,0
2022,Federated States of Micronesia,Medical / Nursing Service Staff,-,-,-,0,0,0
2022,Federated States of Micronesia,Occupational Therapists,-,-,-,0,0,0
2022,Federated States of Micronesia,Orientation and Mobility Specialists,-,-,-,0,0,0
2022,Federated States of Micronesia,Physical Education Teachers and Recreation and Therapeutic Recreation Specialists,-,-,-,0,0,0
2022,Federated States of Micronesia,Physical Therapists,-,-,-,0,1,1
2022,Federated States of Micronesia,Psychologists,-,-,-,0,0,0
2022,Federated States of Micronesia,Social Workers,-,-,-,0,0,0
2022,Federated States of Micronesia,Speech-Language Pathologists,-,-,-,0,0,0
2022,Florida,Special Education Paraprofessionals for Early Childhood,1138.66,0,1138.66,-,-,-
2022,Florida,Special Education Paraprofessionals for School Age,13625.8,0,13625.8,-,-,-
2022,Florida,Total Special Education Paraprofessionals,14764.46,0,14764.46,-,-,-
2022,Florida,Special Education Teachers for Early Childhood,1949.69,0,1949.69,-,-,-
2022,Florida,Special Education Teachers for School Age,19651.77,0,19651.77,-,-,-
2022,Florida,Total Special Education Teachers,21601.46,0,21601.46,-,-,-
2022,Florida,Audiologists,-,-,-,59.1,0,59.1
2022,Florida,Counselors and Rehabilitation Counselors,-,-,-,1887.92,22.6,1910.52
2022,Florida,Interpreters,-,-,-,510.9,27,537.9
2022,Florida,Medical / Nursing Service Staff,-,-,-,1360.17,3,1363.17
2022,Florida,Occupational Therapists,-,-,-,830.4,6,836.4
2022,Florida,Orientation and Mobility Specialists,-,-,-,72.1,0,72.1
2022,Florida,Physical Education Teachers and Recreation and Therapeutic Recreation Specialists,-,-,-,406.7,0,406.7
2022,Florida,Physical Therapists,-,-,-,242.1,5.8,247.9
2022,Florida,Psychologists,-,-,-,1290.7,9,1299.7
2022,Florida,Social Workers,-,-,-,997,33.6,1030.6
2022,Florida,Speech-Language Pathologists,-,-,-,3686.2,49.3,3735.5
2022,Georgia,Special Education Paraprofessionals for Early Childhood,863.7,150,1013.7,-,-,-
2022,Georgia,Special Education Paraprofessionals for School Age,10792.9,1232,12024.9,-,-,-
2022,Georgia,Total Special Education Paraprofessionals,11656.6,1382,13038.6,-,-,-
2022,Georgia,Special Education Teachers for Early Childhood,945.7,29.9,975.6,-,-,-
2022,Georgia,Special Education Teachers for School Age,18851.4,868.3,19719.7,-,-,-
2022,Georgia,Total Special Education Teachers,19797.1,898.2,20695.3,-,-,-
2022,Georgia,Audiologists,-,-,-,37.8,0,37.8
2022,Georgia,Counselors and Rehabilitation Counselors,-,-,-,26.7,4,30.7
2022,Georgia,Interpreters,-,-,-,171.2,80.2,251.4
2022,Georgia,Medical / Nursing Service Staff,-,-,-,78.7,0,78.7
2022,Georgia,Occupational Therapists,-,-,-,555.4,0,555.4
2022,Georgia,Orientation and Mobility Specialists,-,-,-,27.4,0,27.4
2022,Georgia,Physical Education Teachers and Recreation and Therapeutic Recreation Specialists,-,-,-,101.8,1,102.8
2022,Georgia,Physical Therapists,-,-,-,179.5,0,179.5
2022,Georgia,Psychologists,-,-,-,849.1,0,849.1
2022,Georgia,Social Workers,-,-,-,49.1,0,49.1
2022,Georgia,Speech-Language Pathologists,-,-,-,2250.3,0,2250.4
2022,Guam,Special Education Paraprofessionals for Early Childhood,9,0,9,-,-,-
2022,Guam,Special Education Paraprofessionals for School Age,313,0,313,-,-,-
2022,Guam,Total Special Education Paraprofessionals,322,0,322,-,-,-
2022,Guam,Special Education Teachers for Early Childhood,7,0,7,-,-,-
2022,Guam,Special Education Teachers for School Age,146,0,146,-,-,-
2022,Guam,Total Special Education Teachers,153,0,153,-,-,-
2022,Guam,Audiologists,-,-,-,1,0,1
2022,Guam,Counselors and Rehabilitation Counselors,-,-,-,0,0,0
2022,Guam,Interpreters,-,-,-,5,0,5
2022,Guam,Medical / Nursing Service Staff,-,-,-,0,0,0
2022,Guam,Occupational Therapists,-,-,-,0,0,0
2022,Guam,Orientation and Mobility Specialists,-,-,-,2,0,2
2022,Guam,Physical Education Teachers and Recreation and Therapeutic Recreation Specialists,-,-,-,2,0,2
2022,Guam,Physical Therapists,-,-,-,1,0,1
2022,Guam,Psychologists,-,-,-,1,0,1
2022,Guam,Social Workers,-,-,-,5,0,5
2022,Guam,Speech-Language Pathologists,-,-,-,12,0,12
2022,Hawaii,Special Education Paraprofessionals for Early Childhood,215.38,0,215.38,-,-,-
2022,Hawaii,Special Education Paraprofessionals for School Age,2541.76,4.57,2546.33,-,-,-
2022,Hawaii,Total Special Education Paraprofessionals,2757.14,4.57,2761.71,-,-,-
2022,Hawaii,Special Education Teachers for Early Childhood,256.58,20,276.58,-,-,-
2022,Hawaii,Special Education Teachers for School Age,1876.46,134.41,2010.87,-,-,-
2022,Hawaii,Total Special Education Teachers,2133.04,154.41,2287.45,-,-,-
2022,Hawaii,Audiologists,-,-,-,0.04,0,0.04
2022,Hawaii,Counselors and Rehabilitation Counselors,-,-,-,553.11,0,553.11
2022,Hawaii,Interpreters,-,-,-,11.25,0,11.25
2022,Hawaii,Medical / Nursing Service Staff,-,-,-,136.87,0,136.87
2022,Hawaii,Occupational Therapists,-,-,-,53.55,0,53.55
2022,Hawaii,Orientation and Mobility Specialists,-,-,-,11,0,11
2022,Hawaii,Physical Education Teachers and Recreation and Therapeutic Recreation Specialists,-,-,-,25.87,0,25.87
2022,Hawaii,Physical Therapists,-,-,-,21,0,21
2022,Hawaii,Psychologists,-,-,-,92.77,0,92.77
2022,Hawaii,Social Workers,-,-,-,61.13,0,61.13
2022,Hawaii,Speech-Language Pathologists,-,-,-,230.67,0,230.67
2022,Idaho,Special Education Paraprofessionals for Early Childhood,49.5,0,49.5,-,-,-
2022,Idaho,Special Education Paraprofessionals for School Age,1764.14,0,1764.14,-,-,-
2022,Idaho,Total Special Education Paraprofessionals,1813.64,0,1813.64,-,-,-
2022,Idaho,Special Education Teachers for Early Childhood,146.23,2.33,148.56,-,-,-
2022,Idaho,Special Education Teachers for School Age,1423.27,13.7,1436.97,-,-,-
2022,Idaho,Total Special Education Teachers,1569.5,16.03,1585.53,-,-,-
2022,Idaho,Audiologists,-,-,-,2.02,0,2.02
2022,Idaho,Counselors and Rehabilitation Counselors,-,-,-,-,-,-
2022,Idaho,Interpreters,-,-,-,0,19.43,19.43
2022,Idaho,Medical / Nursing Service Staff,-,-,-,126.85,0,126.85
2022,Idaho,Occupational Therapists,-,-,-,28.95,2.92,31.87
2022,Idaho,Orientation and Mobility Specialists,-,-,-,0,0,0
2022,Idaho,Physical Education Teachers and Recreation and Therapeutic Recreation Specialists,-,-,-,0,0,0
2022,Idaho,Physical Therapists,-,-,-,12.06,0,12.06
2022,Idaho,Psychologists,-,-,-,0,0,0
2022,Idaho,Social Workers,-,-,-,-,-,-
2022,Idaho,Speech-Language Pathologists,-,-,-,144.12,0,144.12
2022,Illinois,Special Education Paraprofessionals for Early Childhood,3091.52,86.2,3177.72,-,-,-
2022,Illinois,Special Education Paraprofessionals for School Age,30750.12,1091.18,31841.3,-,-,-
2022,Illinois,Total Special Education Paraprofessionals,33841.64,1177.38,35019.02,-,-,-
2022,Illinois,Special Education Teachers for Early Childhood,1800.1,79.9,1880,-,-,-
2022,Illinois,Special Education Teachers for School Age,22697.48,243.9,22941.38,-,-,-
2022,Illinois,Total Special Education Teachers,24497.58,323.8,24821.38,-,-,-
2022,Illinois,Audiologists,-,-,-,31.13,0,31.13
2022,Illinois,Counselors and Rehabilitation Counselors,-,-,-,935.4,30.1,965.5
2022,Illinois,Interpreters,-,-,-,225,11.6,236.6
2022,Illinois,Medical / Nursing Service Staff,-,-,-,627.12,52.37,679.49
2022,Illinois,Occupational Therapists,-,-,-,1001.61,0,1001.61
2022,Illinois,Orientation and Mobility Specialists,-,-,-,33.2,0,33.2
2022,Illinois,Physical Education Teachers and Recreation and Therapeutic Recreation Specialists,-,-,-,191.8,17.1,208.9
2022,Illinois,Physical Therapists,-,-,-,312.1,0,312.1
2022,Illinois,Psychologists,-,-,-,2116.81,36.6,2153.41
2022,Illinois,Social Workers,-,-,-,4070.98,85.2,4156.18
2022,Illinois,Speech-Language Pathologists,-,-,-,4192.4,42.6,4235
2022,Indiana,Special Education Paraprofessionals for Early Childhood,1484.6,0,1484.6,-,-,-
2022,Indiana,Special Education Paraprofessionals for School Age,7619.7,0,7619.7,-,-,-
2022,Indiana,Total Special Education Paraprofessionals,9104.3,0,9104.3,-,-,-
2022,Indiana,Special Education Teachers for Early Childhood,88.5,14,102.5,-,-,-
2022,Indiana,Special Education Teachers for School Age,2564.4,932.18,3496.58,-,-,-
2022,Indiana,Total Special Education Teachers,2652.9,946.18,3599.08,-,-,-
2022,Indiana,Audiologists,-,-,-,14.2,0,14.2
2022,Indiana,Counselors and Rehabilitation Counselors,-,-,-,286.6,0,286.6
2022,Indiana,Interpreters,-,-,-,182.7,0,182.7
2022,Indiana,Medical / Nursing Service Staff,-,-,-,233.4,0,233.4
2022,Indiana,Occupational Therapists,-,-,-,351.2,0,351.2
2022,Indiana,Orientation and Mobility Specialists,-,-,-,10.9,0,10.9
2022,Indiana,Physical Education Teachers and Recreation and Therapeutic Recreation Specialists,-,-,-,25.2,0,25.2
2022,Indiana,Physical Therapists,-,-,-,131.5,0,131.5
2022,Indiana,Psychologists,-,-,-,334.3,0,334.3
2022,Indiana,Social Workers,-,-,-,381.9,0,381.9
2022,Indiana,Speech-Language Pathologists,-,-,-,858,0,858
2022,Iowa,Special Education Paraprofessionals for Early Childhood,1194.81,0,1194.81,-,-,-
2022,Iowa,Special Education Paraprofessionals for School Age,11371.1,0,11371.1,-,-,-
2022,Iowa,Total Special Education Paraprofessionals,12565.91,0,12565.91,-,-,-
2022,Iowa,Special Education Teachers for Early Childhood,554.52,0,554.52,-,-,-
2022,Iowa,Special Education Teachers for School Age,5566.95,0,5566.95,-,-,-
2022,Iowa,Total Special Education Teachers,6121.47,0,6121.47,-,-,-
2022,Iowa,Audiologists,-,-,-,35.72,0,35.72
2022,Iowa,Counselors and Rehabilitation Counselors,-,-,-,5.36,0,5.36
2022,Iowa,Interpreters,-,-,-,100.35,0,100.35
2022,Iowa,Medical / Nursing Service Staff,-,-,-,39.84,0,39.84
2022,Iowa,Occupational Therapists,-,-,-,82.34,0,82.34
2022,Iowa,Orientation and Mobility Specialists,-,-,-,8.23,0,8.23
2022,Iowa,Physical Education Teachers and Recreation and Therapeutic Recreation Specialists,-,-,-,7.95,0,7.95
2022,Iowa,Physical Therapists,-,-,-,48.84,0,48.84
2022,Iowa,Psychologists,-,-,-,265.97,0,265.97
2022,Iowa,Social Workers,-,-,-,231.15,0,231.15
2022,Iowa,Speech-Language Pathologists,-,-,-,548.9,0,548.9
2022,Kansas,Special Education Paraprofessionals for Early Childhood,1055.93,0,1055.93,-,-,-
2022,Kansas,Special Education Paraprofessionals for School Age,10079.7,0,10079.7,-,-,-
2022,Kansas,Total Special Education Paraprofessionals,11135.63,0,11135.63,-,-,-
2022,Kansas,Special Education Teachers for Early Childhood,542.6,59.65,602.25,-,-,-
2022,Kansas,Special Education Teachers for School Age,3887.14,703.25,4590.39,-,-,-
2022,Kansas,Total Special Education Teachers,4429.74,762.9,5192.64,-,-,-
2022,Kansas,Audiologists,-,-,-,22.35,0,22.35
2022,Kansas,Counselors and Rehabilitation Counselors,-,-,-,63.48,1.61,65.09
2022,Kansas,Interpreters,-,-,-,51.7,0,51.7
2022,Kansas,Medical / Nursing Service Staff,-,-,-,111.49,1.33,112.82
2022,Kansas,Occupational Therapists,-,-,-,245.89,0.8,246.69
2022,Kansas,Orientation and Mobility Specialists,-,-,-,8.05,3,11.05
2022,Kansas,Physical Education Teachers and Recreation and Therapeutic Recreation Specialists,-,-,-,40.22,6.2,46.42
2022,Kansas,Physical Therapists,-,-,-,97.46,0.6,98.06
2022,Kansas,Psychologists,-,-,-,565.87,8.21,574.08
2022,Kansas,Social Workers,-,-,-,412.11,2,414.11
2022,Kansas,Speech-Language Pathologists,-,-,-,933.15,3.35,936.5
2022,Kentucky,Special Education Paraprofessionals for Early Childhood,1245.24,1.5,1246.74,-,-,-
2022,Kentucky,Special Education Paraprofessionals for School Age,5105.35,13,5118.35,-,-,-
2022,Kentucky,Total Special Education Paraprofessionals,6350.59,14.5,6365.09,-,-,-
2022,Kentucky,Special Education Teachers for Early Childhood,871.72,38.5,910.22,-,-,-
2022,Kentucky,Special Education Teachers for School Age,6747.35,249.94,6997.29,-,-,-
2022,Kentucky,Total Special Education Teachers,7619.07,288.44,7907.51,-,-,-
2022,Kentucky,Audiologists,-,-,-,5.2,0,5.2
2022,Kentucky,Counselors and Rehabilitation Counselors,-,-,-,152.97,4.25,157.22
2022,Kentucky,Interpreters,-,-,-,83.5,5.5,89
2022,Kentucky,Medical / Nursing Service Staff,-,-,-,181.12,2.6,183.72
2022,Kentucky,Occupational Therapists,-,-,-,291.27,12.02,303.29
2022,Kentucky,Orientation and Mobility Specialists,-,-,-,32.36,0.1,32.46
2022,Kentucky,Physical Education Teachers and Recreation and Therapeutic Recreation Specialists,-,-,-,68.05,1,69.05
2022,Kentucky,Physical Therapists,-,-,-,127.15,11.1,138.25
2022,Kentucky,Psychologists,-,-,-,426.19,5.6,431.79
2022,Kentucky,Social Workers,-,-,-,45.52,0.5,46.02
2022,Kentucky,Speech-Language Pathologists,-,-,-,1187.28,47,1234.28
2022,Louisiana,Special Education Paraprofessionals for Early Childhood,0,523.91,523.91,-,-,-
2022,Louisiana,Special Education Paraprofessionals for School Age,0,7394.85,7394.85,-,-,-
2022,Louisiana,Total Special Education Paraprofessionals,0,7918.76,7918.76,-,-,-
2022,Louisiana,Special Education Teachers for Early Childhood,348.93,79.03,427.96,-,-,-
2022,Louisiana,Special Education Teachers for School Age,3796.55,1315.24,5111.79,-,-,-
2022,Louisiana,Total Special Education Teachers,4145.48,1394.27,5539.75,-,-,-
2022,Louisiana,Audiologists,-,-,-,18.75,2,20.75
2022,Louisiana,Counselors and Rehabilitation Counselors,-,-,-,76.19,47.4,123.59
2022,Louisiana,Interpreters,-,-,-,10.98,4,14.98
2022,Louisiana,Medical / Nursing Service Staff,-,-,-,86.82,12,98.82
2022,Louisiana,Occupational Therapists,-,-,-,168.23,89.14,257.37
2022,Louisiana,Orientation and Mobility Specialists,-,-,-,4,1,5
2022,Louisiana,Physical Education Teachers and Recreation and Therapeutic Recreation Specialists,-,-,-,270.67,41.32,311.99
2022,Louisiana,Physical Therapists,-,-,-,73.18,30.77,103.95
2022,Louisiana,Psychologists,-,-,-,170.25,0,170.25
2022,Louisiana,Social Workers,-,-,-,199.48,30,229.48
2022,Louisiana,Speech-Language Pathologists,-,-,-,1369.91,108.72,1478.63
2022,Maine,Special Education Paraprofessionals for Early Childhood,43.79,0,43.79,-,-,-
2022,Maine,Special Education Paraprofessionals for School Age,4605.85,104.88,4710.73,-,-,-
2022,Maine,Total Special Education Paraprofessionals,4649.64,104.88,4754.52,-,-,-
2022,Maine,Special Education Teachers for Early Childhood,62.77,0,62.77,-,-,-
2022,Maine,Special Education Teachers for School Age,2088.3,46,2134.3,-,-,-
2022,Maine,Total Special Education Teachers,2151.07,46,2197.07,-,-,-
2022,Maine,Audiologists,-,-,-,0.26,0,0.26
2022,Maine,Counselors and Rehabilitation Counselors,-,-,-,101.32,9.01,110.33
2022,Maine,Interpreters,-,-,-,13.6,0.1,13.7
2022,Maine,Medical / Nursing Service Staff,-,-,-,47.65,7.13,54.78
2022,Maine,Occupational Therapists,-,-,-,230.67,8.96,239.63
2022,Maine,Orientation and Mobility Specialists,-,-,-,0,0,0
2022,Maine,Physical Education Teachers and Recreation and Therapeutic Recreation Specialists,-,-,-,0.67,0,0.67
2022,Maine,Physical Therapists,-,-,-,51.92,4.4,56.32
2022,Maine,Psychologists,-,-,-,175.03,5.3,180.33
2022,Maine,Social Workers,-,-,-,264.22,6.63,270.85
2022,Maine,Speech-Language Pathologists,-,-,-,363.8,19.6,383.4
2022,Maryland,Special Education Paraprofessionals for Early Childhood,774.79,0,774.79,-,-,-
2022,Maryland,Special Education Paraprofessionals for School Age,8612.87,0,8612.87,-,-,-
2022,Maryland,Total Special Education Paraprofessionals,9387.66,0,9387.66,-,-,-
2022,Maryland,Special Education Teachers for Early Childhood,721.12,72.4,793.52,-,-,-
2022,Maryland,Special Education Teachers for School Age,8761.09,1196.08,9957.17,-,-,-
2022,Maryland,Total Special Education Teachers,9482.21,1268.48,10750.69,-,-,-
2022,Maryland,Audiologists,-,-,-,27.6,1,28.6
2022,Maryland,Counselors and Rehabilitation Counselors,-,-,-,332.05,3,335.05
2022,Maryland,Interpreters,-,-,-,61.65,51.26,112.91
2022,Maryland,Medical / Nursing Service Staff,-,-,-,325.21,9.6,334.81
2022,Maryland,Occupational Therapists,-,-,-,512.45,32.2,544.65
2022,Maryland,Orientation and Mobility Specialists,-,-,-,21.49,0,21.49
2022,Maryland,Physical Education Teachers and Recreation and Therapeutic Recreation Specialists,-,-,-,223.58,24.9,248.48
2022,Maryland,Physical Therapists,-,-,-,205.61,11,216.61
2022,Maryland,Psychologists,-,-,-,695.95,12,707.95
2022,Maryland,Social Workers,-,-,-,571.08,19.11,590.19
2022,Maryland,Speech-Language Pathologists,-,-,-,1416.85,170.9,1587.75
2022,Massachusetts,Special Education Paraprofessionals for Early Childhood,3502.97,0,3502.97,-,-,-
2022,Massachusetts,Special Education Paraprofessionals for School Age,14248.45,0,14248.45,-,-,-
2022,Massachusetts,Total Special Education Paraprofessionals,17751.42,0,17751.42,-,-,-
2022,Massachusetts,Special Education Teachers for Early Childhood,*,*,*,-,-,-
2022,Massachusetts,Special Education Teachers for School Age,*,*,*,-,-,-
2022,Massachusetts,Total Special Education Teachers,*,*,*,-,-,-
2022,Massachusetts,Audiologists,-,-,-,8.7,0,8.7
2022,Massachusetts,Counselors and Rehabilitation Counselors,-,-,-,722.8,46.4,769.2
2022,Massachusetts,Interpreters,-,-,-,58.2,0,58.2
2022,Massachusetts,Medical / Nursing Service Staff,-,-,-,95.8,73.2,169.1
2022,Massachusetts,Occupational Therapists,-,-,-,933.6,0,933.6
2022,Massachusetts,Orientation and Mobility Specialists,-,-,-,18.2,0,18.2
2022,Massachusetts,Physical Education Teachers and Recreation and Therapeutic Recreation Specialists,-,-,-,86.3,0.3,86.6
2022,Massachusetts,Physical Therapists,-,-,-,264.9,0,264.9
2022,Massachusetts,Psychologists,-,-,-,821.9,11.7,833.6
2022,Massachusetts,Social Workers,-,-,-,258.7,33.7,292.4
2022,Massachusetts,Speech-Language Pathologists,-,-,-,1983.9,0,1983.9
2022,Michigan,Special Education Paraprofessionals for Early Childhood,614.62,0,614.62,-,-,-
2022,Michigan,Special Education Paraprofessionals for School Age,10245.87,0,10245.87,-,-,-
2022,Michigan,Total Special Education Paraprofessionals,10860.49,0,10860.49,-,-,-
2022,Michigan,Special Education Teachers for Early Childhood,631.66,53.07,684.73,-,-,-
2022,Michigan,Special Education Teachers for School Age,10391.23,756.04,11147.27,-,-,-
2022,Michigan,Total Special Education Teachers,11022.89,809.11,11832,-,-,-
2022,Michigan,Audiologists,-,-,-,39.97,0,39.97
2022,Michigan,Counselors and Rehabilitation Counselors,-,-,-,41.75,0,41.75
2022,Michigan,Interpreters,-,-,-,121.76,0,121.76
2022,Michigan,Medical / Nursing Service Staff,-,-,-,206.96,0,206.96
2022,Michigan,Occupational Therapists,-,-,-,541.3,0,541.3
2022,Michigan,Orientation and Mobility Specialists,-,-,-,27.37,0,27.37
2022,Michigan,Physical Education Teachers and Recreation and Therapeutic Recreation Specialists,-,-,-,74.04,0,74.04
2022,Michigan,Physical Therapists,-,-,-,205.23,0,205.23
2022,Michigan,Psychologists,-,-,-,744.76,0,744.76
2022,Michigan,Social Workers,-,-,-,1632.17,0,1632.17
2022,Michigan,Speech-Language Pathologists,-,-,-,2536.64,0,2536.64
2022,Minnesota,Special Education Paraprofessionals for Early Childhood,992.23,120.41,1112.64,-,-,-
2022,Minnesota,Special Education Paraprofessionals for School Age,11949.97,1280.05,13230.02,-,-,-
2022,Minnesota,Total Special Education Paraprofessionals,12942.2,1400.46,14342.66,-,-,-
2022,Minnesota,Special Education Teachers for Early Childhood,1006.88,150.82,1157.7,-,-,-
2022,Minnesota,Special Education Teachers for School Age,7977.82,1673.16,9650.98,-,-,-
2022,Minnesota,Total Special Education Teachers,8984.7,1823.98,10808.68,-,-,-
2022,Minnesota,Audiologists,-,-,-,39.94,0,39.94
2022,Minnesota,Counselors and Rehabilitation Counselors,-,-,-,63.11,0,63.11
2022,Minnesota,Interpreters,-,-,-,149.65,0,149.65
2022,Minnesota,Medical / Nursing Service Staff,-,-,-,381.39,0,381.39
2022,Minnesota,Occupational Therapists,-,-,-,736.54,0,736.54
2022,Minnesota,Orientation and Mobility Specialists,-,-,-,8.99,0,8.99
2022,Minnesota,Physical Education Teachers and Recreation and Therapeutic Recreation Specialists,-,-,-,378.19,0,378.19
2022,Minnesota,Physical Therapists,-,-,-,208.36,0,208.36
2022,Minnesota,Psychologists,-,-,-,816.77,0,816.77
2022,Minnesota,Social Workers,-,-,-,724,0,724
2022,Minnesota,Speech-Language Pathologists,-,-,-,1922.94,0,1922.94
2022,Mississippi,Special Education Paraprofessionals for Early Childhood,0,0,0,-,-,-
2022,Mississippi,Special Education Paraprofessionals for School Age,1182.64,0,1182.64,-,-,-
2022,Mississippi,Total Special Education Paraprofessionals,1182.64,0,1182.64,-,-,-
2022,Mississippi,Special Education Teachers for Early Childhood,765.18,5.8,770.98,-,-,-
2022,Mississippi,Special Education Teachers for School Age,5565.79,31.67,5597.46,-,-,-
2022,Mississippi,Total Special Education Teachers,6330.97,37.47,6368.44,-,-,-
2022,Mississippi,Audiologists,-,-,-,1.93,2,3.93
2022,Mississippi,Counselors and Rehabilitation Counselors,-,-,-,42.64,3,45.64
2022,Mississippi,Interpreters,-,-,-,17.39,0,17.39
2022,Mississippi,Medical / Nursing Service Staff,-,-,-,552.62,0,552.62
2022,Mississippi,Occupational Therapists,-,-,-,122.28,0,122.28
2022,Mississippi,Orientation and Mobility Specialists,-,-,-,5.55,0,5.55
2022,Mississippi,Physical Education Teachers and Recreation and Therapeutic Recreation Specialists,-,-,-,926.29,155.87,1082.16
2022,Mississippi,Physical Therapists,-,-,-,0.5,79.62,80.12
2022,Mississippi,Psychologists,-,-,-,30.97,11.92,42.89
2022,Mississippi,Social Workers,-,-,-,8.75,0,8.75
2022,Mississippi,Speech-Language Pathologists,-,-,-,590.54,0,590.54
2022,Missouri,Special Education Paraprofessionals for Early Childhood,1450.43,26,1476.43,-,-,-
2022,Missouri,Special Education Paraprofessionals for School Age,8828.04,289.67,9117.71,-,-,-
2022,Missouri,Total Special Education Paraprofessionals,10278.47,315.67,10594.14,-,-,-
2022,Missouri,Special Education Teachers for Early Childhood,1226.04,80.61,1306.65,-,-,-
2022,Missouri,Special Education Teachers for School Age,7498.61,497.96,7996.57,-,-,-
2022,Missouri,Total Special Education Teachers,8724.65,578.57,9303.22,-,-,-
2022,Missouri,Audiologists,-,-,-,5.5,1.66,7.16
2022,Missouri,Counselors and Rehabilitation Counselors,-,-,-,10.59,2.39,12.98
2022,Missouri,Interpreters,-,-,-,111.98,1,112.98
2022,Missouri,Medical / Nursing Service Staff,-,-,-,125.38,0,125.38
2022,Missouri,Occupational Therapists,-,-,-,435.91,14.35,450.26
2022,Missouri,Orientation and Mobility Specialists,-,-,-,8.49,1.21,9.7
2022,Missouri,Physical Education Teachers and Recreation and Therapeutic Recreation Specialists,-,-,-,27.35,2.29,29.64
2022,Missouri,Physical Therapists,-,-,-,153.89,4.59,158.48
2022,Missouri,Psychologists,-,-,-,251.43,5,256.43
2022,Missouri,Social Workers,-,-,-,180.61,8.08,188.69
2022,Missouri,Speech-Language Pathologists,-,-,-,298.03,19.04,317.07
2022,Montana,Special Education Paraprofessionals for Early Childhood,70.1,22.72,92.82,-,-,-
2022,Montana,Special Education Paraprofessionals for School Age,1232.17,295.57,1527.74,-,-,-
2022,Montana,Total Special Education Paraprofessionals,1302.27,318.29,1620.56,-,-,-
2022,Montana,Special Education Teachers for Early Childhood,50.76,10.91,61.67,-,-,-
2022,Montana,Special Education Teachers for School Age,816.55,264.78,1081.33,-,-,-
2022,Montana,Total Special Education Teachers,867.31,275.69,1143,-,-,-
2022,Montana,Audiologists,-,-,-,3,0,3
2022,Montana,Counselors and Rehabilitation Counselors,-,-,-,1.5,0,1.5
2022,Montana,Interpreters,-,-,-,0,16.47,16.47
2022,Montana,Medical / Nursing Service Staff,-,-,-,29.02,0,29.02
2022,Montana,Occupational Therapists,-,-,-,38.65,0,38.65
2022,Montana,Orientation and Mobility Specialists,-,-,-,0,8.5,8.5
2022,Montana,Physical Education Teachers and Recreation and Therapeutic Recreation Specialists,-,-,-,0,2.83,2.83
2022,Montana,Physical Therapists,-,-,-,17.55,0,17.55
2022,Montana,Psychologists,-,-,-,19.25,69.16,88.41
2022,Montana,Social Workers,-,-,-,11.6,6,17.6
2022,Montana,Speech-Language Pathologists,-,-,-,211.96,2,213.96
2022,Nebraska,Special Education Paraprofessionals for Early Childhood,491.93,0,491.93,-,-,-
2022,Nebraska,Special Education Paraprofessionals for School Age,4738.74,0,4738.74,-,-,-
2022,Nebraska,Total Special Education Paraprofessionals,5230.67,0,5230.67,-,-,-
2022,Nebraska,Special Education Teachers for Early Childhood,228.39,25.88,254.27,-,-,-
2022,Nebraska,Special Education Teachers for School Age,2810.39,313.44,3123.83,-,-,-
2022,Nebraska,Total Special Education Teachers,3038.78,339.32,3378.1,-,-,-
2022,Nebraska,Audiologists,-,-,-,6.17,0,6.17
2022,Nebraska,Counselors and Rehabilitation Counselors,-,-,-,973.33,2,975.33
2022,Nebraska,Interpreters,-,-,-,69.79,1,70.79
2022,Nebraska,Medical / Nursing Service Staff,-,-,-,340.74,16.8,357.54
2022,Nebraska,Occupational Therapists,-,-,-,73.42,1.17,74.59
2022,Nebraska,Orientation and Mobility Specialists,-,-,-,1.47,0,1.47
2022,Nebraska,Physical Education Teachers and Recreation and Therapeutic Recreation Specialists,-,-,-,0,0,0
2022,Nebraska,Physical Therapists,-,-,-,26.51,0.6,27.11
2022,Nebraska,Psychologists,-,-,-,339.54,0.71,340.25
2022,Nebraska,Social Workers,-,-,-,179.31,18.17,197.48
2022,Nebraska,Speech-Language Pathologists,-,-,-,693.27,2,695.27
2022,Nevada,Special Education Paraprofessionals for Early Childhood,409.56,1,410.56,-,-,-
2022,Nevada,Special Education Paraprofessionals for School Age,3498.96,236.32,3735.28,-,-,-
2022,Nevada,Total Special Education Paraprofessionals,3908.52,237.32,4145.84,-,-,-
2022,Nevada,Special Education Teachers for Early Childhood,519.45,8.4,527.85,-,-,-
2022,Nevada,Special Education Teachers for School Age,3807.47,180.75,3988.22,-,-,-
2022,Nevada,Total Special Education Teachers,4326.92,189.15,4516.07,-,-,-
2022,Nevada,Audiologists,-,-,-,8.32,0,8.32
2022,Nevada,Counselors and Rehabilitation Counselors,-,-,-,962.3,0,962.3
2022,Nevada,Interpreters,-,-,-,161.43,0,161.43
2022,Nevada,Medical / Nursing Service Staff,-,-,-,1157.4,2.78,1160.18
2022,Nevada,Occupational Therapists,-,-,-,176.26,0.48,176.74
2022,Nevada,Orientation and Mobility Specialists,-,-,-,11.71,1.1,12.81
2022,Nevada,Physical Education Teachers and Recreation and Therapeutic Recreation Specialists,-,-,-,84.3,3,87.3
2022,Nevada,Physical Therapists,-,-,-,48.62,1,49.62
2022,Nevada,Psychologists,-,-,-,297.83,0.22,298.05
2022,Nevada,Social Workers,-,-,-,155.55,5,160.55
2022,Nevada,Speech-Language Pathologists,-,-,-,593.75,4.73,598.48
2022,New Hampshire,Special Education Paraprofessionals for Early Childhood,*,*,*,-,-,-
2022,New Hampshire,Special Education Paraprofessionals for School Age,*,*,*,-,-,-
2022,New Hampshire,Total Special Education Paraprofessionals,*,*,*,-,-,-
2022,New Hampshire,Special Education Teachers for Early Childhood,*,*,*,-,-,-
2022,New Hampshire,Special Education Teachers for School Age,*,*,*,-,-,-
2022,New Hampshire,Total Special Education Teachers,*,*,*,-,-,-
2022,New Hampshire,Audiologists,-,-,-,*,*,*
2022,New Hampshire,Counselors and Rehabilitation Counselors,-,-,-,*,*,*
2022,New Hampshire,Interpreters,-,-,-,*,*,*
2022,New Hampshire,Medical / Nursing Service Staff,-,-,-,*,*,*
2022,New Hampshire,Occupational Therapists,-,-,-,*,*,*
2022,New Hampshire,Orientation and Mobility Specialists,-,-,-,*,*,*
2022,New Hampshire,Physical Education Teachers and Recreation and Therapeutic Recreation Specialists,-,-,-,*,*,*
2022,New Hampshire,Physical Therapists,-,-,-,*,*,*
2022,New Hampshire,Psychologists,-,-,-,*,*,*
2022,New Hampshire,Social Workers,-,-,-,*,*,*
2022,New Hampshire,Speech-Language Pathologists,-,-,-,*,*,*
2022,New Jersey,Special Education Paraprofessionals for Early Childhood,1987.97,0,1987.97,-,-,-
2022,New Jersey,Special Education Paraprofessionals for School Age,12048.39,0,12048.39,-,-,-
2022,New Jersey,Total Special Education Paraprofessionals,14036.36,0,14036.36,-,-,-
2022,New Jersey,Special Education Teachers for Early Childhood,1353.26,0,1353.26,-,-,-
2022,New Jersey,Special Education Teachers for School Age,19093.82,0,19093.82,-,-,-
2022,New Jersey,Total Special Education Teachers,20447.08,0,20447.08,-,-,-
2022,New Jersey,Audiologists,-,-,-,11.9,1.45,13.35
2022,New Jersey,Counselors and Rehabilitation Counselors,-,-,-,286.84,42.1,328.94
2022,New Jersey,Interpreters,-,-,-,18.25,8.5,26.75
2022,New Jersey,Medical / Nursing Service Staff,-,-,-,221.79,73.05,294.84
2022,New Jersey,Occupational Therapists,-,-,-,263.04,61.54,324.58
2022,New Jersey,Orientation and Mobility Specialists,-,-,-,2,0,2
2022,New Jersey,Physical Education Teachers and Recreation and Therapeutic Recreation Specialists,-,-,-,180.7,30,210.7
2022,New Jersey,Physical Therapists,-,-,-,74.63,25.66,100.29
2022,New Jersey,Psychologists,-,-,-,563.72,86,649.72
2022,New Jersey,Social Workers,-,-,-,657.82,39.32,697.14
2022,New Jersey,Speech-Language Pathologists,-,-,-,763.37,46.69,810.06
2022,New Mexico,Special Education Paraprofessionals for Early Childhood,0,394.67,394.67,-,-,-
2022,New Mexico,Special Education Paraprofessionals for School Age,0,2822.49,2822.49,-,-,-
2022,New Mexico,Total Special Education Paraprofessionals,0,3217.16,3217.16,-,-,-
2022,New Mexico,Special Education Teachers for Early Childhood,394.22,5.5,399.72,-,-,-
2022,New Mexico,Special Education Teachers for School Age,2318.47,107.28,2425.75,-,-,-
2022,New Mexico,Total Special Education Teachers,2712.69,112.78,2825.47,-,-,-
2022,New Mexico,Audiologists,-,-,-,15.77,0,15.77
2022,New Mexico,Counselors and Rehabilitation Counselors,-,-,-,40.05,0,40.05
2022,New Mexico,Interpreters,-,-,-,50.62,0,50.62
2022,New Mexico,Medical / Nursing Service Staff,-,-,-,5.61,0,5.61
2022,New Mexico,Occupational Therapists,-,-,-,301.87,0,301.87
2022,New Mexico,Orientation and Mobility Specialists,-,-,-,17.53,0,17.53
2022,New Mexico,Physical Education Teachers and Recreation and Therapeutic Recreation Specialists,-,-,-,13.91,0,13.91
2022,New Mexico,Physical Therapists,-,-,-,88.03,0,88.03
2022,New Mexico,Psychologists,-,-,-,447.07,0,447.07
2022,New Mexico,Social Workers,-,-,-,441.99,0,441.99
2022,New Mexico,Speech-Language Pathologists,-,-,-,805.48,0,805.48
2022,New York,Special Education Paraprofessionals for Early Childhood,4863.76,1104.23,5967.99,-,-,-
2022,New York,Special Education Paraprofessionals for School Age,61850.3,3213.8,65064.1,-,-,-
2022,New York,Total Special Education Paraprofessionals,66714.06,4318.03,71032.09,-,-,-
2022,New York,Special Education Teachers for Early Childhood,2781.07,375.75,3156.82,-,-,-
2022,New York,Special Education Teachers for School Age,42245.95,9743.7,51989.65,-,-,-
2022,New York,Total Special Education Teachers,45027.02,10119.45,55146.47,-,-,-
2022,New York,Audiologists,-,-,-,135.97,0,135.97
2022,New York,Counselors and Rehabilitation Counselors,-,-,-,5066.51,60.22,5126.73
2022,New York,Interpreters,-,-,-,243.27,20.03,263.3
2022,New York,Medical / Nursing Service Staff,-,-,-,3529.93,10,3539.93
2022,New York,Occupational Therapists,-,-,-,5495.05,49.5,5544.55
2022,New York,Orientation and Mobility Specialists,-,-,-,100.25,3,103.25
2022,New York,Physical Education Teachers and Recreation and Therapeutic Recreation Specialists,-,-,-,3060.21,120.41,3180.62
2022,New York,Physical Therapists,-,-,-,2430.55,13.4,2443.95
2022,New York,Psychologists,-,-,-,5725.97,92.68,5818.65
2022,New York,Social Workers,-,-,-,5997.93,137.61,6135.54
2022,New York,Speech-Language Pathologists,-,-,-,9541.14,181.9,9723.04
2022,North Carolina,Special Education Paraprofessionals for Early Childhood,1361.21,7.5,1368.71,-,-,-
2022,North Carolina,Special Education Paraprofessionals for School Age,8366.2,59.93,8426.13,-,-,-
2022,North Carolina,Total Special Education Paraprofessionals,9727.41,67.43,9794.84,-,-,-
2022,North Carolina,Special Education Teachers for Early Childhood,1093.13,50.5,1143.63,-,-,-
2022,North Carolina,Special Education Teachers for School Age,11096.7,758.36,11855.06,-,-,-
2022,North Carolina,Total Special Education Teachers,12189.83,808.86,12998.69,-,-,-
2022,North Carolina,Audiologists,-,-,-,54.36,0,54.36
2022,North Carolina,Counselors and Rehabilitation Counselors,-,-,-,510.31,9.54,519.85
2022,North Carolina,Interpreters,-,-,-,165.91,23.25,189.16
2022,North Carolina,Medical / Nursing Service Staff,-,-,-,414.95,28.98,443.93
2022,North Carolina,Occupational Therapists,-,-,-,617.87,27.45,645.32
2022,North Carolina,Orientation and Mobility Specialists,-,-,-,22.66,0,22.66
2022,North Carolina,Physical Education Teachers and Recreation and Therapeutic Recreation Specialists,-,-,-,547.88,21.46,569.34
2022,North Carolina,Physical Therapists,-,-,-,193.89,6.1,199.99
2022,North Carolina,Psychologists,-,-,-,772.05,14.74,786.79
2022,North Carolina,Social Workers,-,-,-,209.73,6.4,216.13
2022,North Carolina,Speech-Language Pathologists,-,-,-,2027.94,6,2033.94
2022,North Dakota,Special Education Paraprofessionals for Early Childhood,109.11,19.28,128.39,-,-,-
2022,North Dakota,Special Education Paraprofessionals for School Age,1236.65,207.82,1444.47,-,-,-
2022,North Dakota,Total Special Education Paraprofessionals,1345.76,227.1,1572.86,-,-,-
2022,North Dakota,Special Education Teachers for Early Childhood,95.17,0,95.17,-,-,-
2022,North Dakota,Special Education Teachers for School Age,1041.55,0,1041.55,-,-,-
2022,North Dakota,Total Special Education Teachers,1136.72,0,1136.72,-,-,-
2022,North Dakota,Audiologists,-,-,-,1,0,1
2022,North Dakota,Counselors and Rehabilitation Counselors,-,-,-,0,0,0
2022,North Dakota,Interpreters,-,-,-,11,0,11
2022,North Dakota,Medical / Nursing Service Staff,-,-,-,0,0,0
2022,North Dakota,Occupational Therapists,-,-,-,48.83,0,48.83
2022,North Dakota,Orientation and Mobility Specialists,-,-,-,0,0,0
2022,North Dakota,Physical Education Teachers and Recreation and Therapeutic Recreation Specialists,-,-,-,14.71,0,14.71
2022,North Dakota,Physical Therapists,-,-,-,8.79,0,8.79
2022,North Dakota,Psychologists,-,-,-,32.06,0,32.06
2022,North Dakota,Social Workers,-,-,-,14,0,14
2022,North Dakota,Speech-Language Pathologists,-,-,-,276.04,0,276.04
2022,Northern Marianas,Special Education Paraprofessionals for Early Childhood,4,1,5,-,-,-
2022,Northern Marianas,Special Education Paraprofessionals for School Age,100,18,118,-,-,-
2022,Northern Marianas,Total Special Education Paraprofessionals,104,19,123,-,-,-
2022,Northern Marianas,Special Education Teachers for Early Childhood,2,0,2,-,-,-
2022,Northern Marianas,Special Education Teachers for School Age,42,1,43,-,-,-
2022,Northern Marianas,Total Special Education Teachers,44,1,45,-,-,-
2022,Northern Marianas,Audiologists,-,-,-,1,0,1
2022,Northern Marianas,Counselors and Rehabilitation Counselors,-,-,-,0,0,0
2022,Northern Marianas,Interpreters,-,-,-,2,0,2
2022,Northern Marianas,Medical / Nursing Service Staff,-,-,-,-,-,-
2022,Northern Marianas,Occupational Therapists,-,-,-,9,1,10
2022,Northern Marianas,Orientation and Mobility Specialists,-,-,-,0,0,0
2022,Northern Marianas,Physical Education Teachers and Recreation and Therapeutic Recreation Specialists,-,-,-,0,0,0
2022,Northern Marianas,Physical Therapists,-,-,-,1,1,2
2022,Northern Marianas,Psychologists,-,-,-,5,0,5
2022,Northern Marianas,Social Workers,-,-,-,1,0,1
2022,Northern Marianas,Speech-Language Pathologists,-,-,-,28,2,30
2022,Ohio,Special Education Paraprofessionals for Early Childhood,311.78,0,311.78,-,-,-
2022,Ohio,Special Education Paraprofessionals for School Age,2152.95,0,2152.95,-,-,-
2022,Ohio,Total Special Education Paraprofessionals,2464.73,0,2464.73,-,-,-
2022,Ohio,Special Education Teachers for Early Childhood,1234.82,54.39,1289.21,-,-,-
2022,Ohio,Special Education Teachers for School Age,14524.66,475.24,14999.9,-,-,-
2022,Ohio,Total Special Education Teachers,15759.48,529.63,16289.11,-,-,-
2022,Ohio,Audiologists,-,-,-,48.83,0.94,49.77
2022,Ohio,Counselors and Rehabilitation Counselors,-,-,-,424.93,3.16,428.09
2022,Ohio,Interpreters,-,-,-,281.69,28.88,310.57
2022,Ohio,Medical / Nursing Service Staff,-,-,-,187.59,11.34,198.93
2022,Ohio,Occupational Therapists,-,-,-,967.42,77.9,1045.32
2022,Ohio,Orientation and Mobility Specialists,-,-,-,32.23,2.1,34.33
2022,Ohio,Physical Education Teachers and Recreation and Therapeutic Recreation Specialists,-,-,-,54.69,1,55.69
2022,Ohio,Physical Therapists,-,-,-,291.47,22.69,314.16
2022,Ohio,Psychologists,-,-,-,713.97,9.5,723.47
2022,Ohio,Social Workers,-,-,-,136.89,11.26,148.15
2022,Ohio,Speech-Language Pathologists,-,-,-,2645.49,116.96,2762.45
2022,Oklahoma,Special Education Paraprofessionals for Early Childhood,724.4,73,797.4,-,-,-
2022,Oklahoma,Special Education Paraprofessionals for School Age,4653.4,522.5,5175.9,-,-,-
2022,Oklahoma,Total Special Education Paraprofessionals,5377.8,595.5,5973.3,-,-,-
2022,Oklahoma,Special Education Teachers for Early Childhood,1081.49,16.48,1097.97,-,-,-
2022,Oklahoma,Special Education Teachers for School Age,3133.95,76.77,3210.72,-,-,-
2022,Oklahoma,Total Special Education Teachers,4215.44,93.25,4308.69,-,-,-
2022,Oklahoma,Audiologists,-,-,-,7,3,10
2022,Oklahoma,Counselors and Rehabilitation Counselors,-,-,-,158.8,6.6,165.4
2022,Oklahoma,Interpreters,-,-,-,86.4,15.2,101.6
2022,Oklahoma,Medical / Nursing Service Staff,-,-,-,87.6,15.6,103.2
2022,Oklahoma,Occupational Therapists,-,-,-,240.2,103.1,343.3
2022,Oklahoma,Orientation and Mobility Specialists,-,-,-,17.3,0,17.3
2022,Oklahoma,Physical Education Teachers and Recreation and Therapeutic Recreation Specialists,-,-,-,64.3,3.9,68.2
2022,Oklahoma,Physical Therapists,-,-,-,133.9,34.2,168.1
2022,Oklahoma,Psychologists,-,-,-,411.2,5.2,416.4
2022,Oklahoma,Social Workers,-,-,-,4.9,2,6.9
2022,Oklahoma,Speech-Language Pathologists,-,-,-,1020.3,88.8,1109.1
2022,Oregon,Special Education Paraprofessionals for Early Childhood,213.8,82.91,296.71,-,-,-
2022,Oregon,Special Education Paraprofessionals for School Age,5759.29,860.74,6620.03,-,-,-
2022,Oregon,Total Special Education Paraprofessionals,5973.09,943.65,6916.74,-,-,-
2022,Oregon,Special Education Teachers for Early Childhood,157.4,40.45,197.85,-,-,-
2022,Oregon,Special Education Teachers for School Age,2834.57,586.21,3420.78,-,-,-
2022,Oregon,Total Special Education Teachers,2991.97,626.66,3618.63,-,-,-
2022,Oregon,Audiologists,-,-,-,8.54,1,9.54
2022,Oregon,Counselors and Rehabilitation Counselors,-,-,-,15.75,0.84,16.59
2022,Oregon,Interpreters,-,-,-,9.27,67.27,76.54
2022,Oregon,Medical / Nursing Service Staff,-,-,-,81.26,9.35,90.61
2022,Oregon,Occupational Therapists,-,-,-,142.46,13.8,156.26
2022,Oregon,Orientation and Mobility Specialists,-,-,-,18.61,3.94,22.55
2022,Oregon,Physical Education Teachers and Recreation and Therapeutic Recreation Specialists,-,-,-,20.41,1,21.41
2022,Oregon,Physical Therapists,-,-,-,55.94,4.16,60.1
2022,Oregon,Psychologists,-,-,-,305.03,3,308.03
2022,Oregon,Social Workers,-,-,-,22.76,1,23.76
2022,Oregon,Speech-Language Pathologists,-,-,-,752.57,110.8,863.37
2022,Pennsylvania,Special Education Paraprofessionals for Early Childhood,787.06,624.15,1411.21,-,-,-
2022,Pennsylvania,Special Education Paraprofessionals for School Age,21398.75,1159.37,22558.12,-,-,-
2022,Pennsylvania,Total Special Education Paraprofessionals,22185.81,1783.52,23969.33,-,-,-
2022,Pennsylvania,Special Education Teachers for Early Childhood,1191.19,29.05,1220.24,-,-,-
2022,Pennsylvania,Special Education Teachers for School Age,19836.51,687.05,20523.56,-,-,-
2022,Pennsylvania,Total Special Education Teachers,21027.7,716.1,21743.8,-,-,-
2022,Pennsylvania,Audiologists,-,-,-,85.66,0,85.66
2022,Pennsylvania,Counselors and Rehabilitation Counselors,-,-,-,2460.24,39,2499.24
2022,Pennsylvania,Interpreters,-,-,-,217.67,6.35,224.02
2022,Pennsylvania,Medical / Nursing Service Staff,-,-,-,1824.06,101.5,1925.56
2022,Pennsylvania,Occupational Therapists,-,-,-,1762.06,42.2,1804.26
2022,Pennsylvania,Orientation and Mobility Specialists,-,-,-,109.87,6,115.87
2022,Pennsylvania,Physical Education Teachers and Recreation and Therapeutic Recreation Specialists,-,-,-,1013.13,17,1030.13
2022,Pennsylvania,Physical Therapists,-,-,-,644.72,14.49,659.21
2022,Pennsylvania,Psychologists,-,-,-,1947,19.4,1966.4
2022,Pennsylvania,Social Workers,-,-,-,858.03,37,895.03
2022,Pennsylvania,Speech-Language Pathologists,-,-,-,3644.11,75.15,3719.26
2022,Puerto Rico,Special Education Paraprofessionals for Early Childhood,0,0,0,-,-,-
2022,Puerto Rico,Special Education Paraprofessionals for School Age,5445,0,5445,-,-,-
2022,Puerto Rico,Total Special Education Paraprofessionals,5445,0,5445,-,-,-
2022,Puerto Rico,Special Education Teachers for Early Childhood,52,45,97,-,-,-
2022,Puerto Rico,Special Education Teachers for School Age,3482,1265,4747,-,-,-
2022,Puerto Rico,Total Special Education Teachers,3534,1310,4844,-,-,-
2022,Puerto Rico,Audiologists,-,-,-,15,0,15
2022,Puerto Rico,Counselors and Rehabilitation Counselors,-,-,-,0,0,0
2022,Puerto Rico,Interpreters,-,-,-,44,0,44
2022,Puerto Rico,Medical / Nursing Service Staff,-,-,-,8,0,8
2022,Puerto Rico,Occupational Therapists,-,-,-,941,0,941
2022,Puerto Rico,Orientation and Mobility Specialists,-,-,-,53,0,53
2022,Puerto Rico,Physical Education Teachers and Recreation and Therapeutic Recreation Specialists,-,-,-,185,34,219
2022,Puerto Rico,Physical Therapists,-,-,-,241,0,241
2022,Puerto Rico,Psychologists,-,-,-,1651,0,1651
2022,Puerto Rico,Social Workers,-,-,-,73,0,73
2022,Puerto Rico,Speech-Language Pathologists,-,-,-,1728,0,1728
2022,Republic of Palau,Special Education Paraprofessionals for Early Childhood,0,0,0,-,-,-
2022,Republic of Palau,Special Education Paraprofessionals for School Age,1,0,1,-,-,-
2022,Republic of Palau,Total Special Education Paraprofessionals,1,0,1,-,-,-
2022,Republic of Palau,Special Education Teachers for Early Childhood,0,3,3,-,-,-
2022,Republic of Palau,Special Education Teachers for School Age,0,17,17,-,-,-
2022,Republic of Palau,Total Special Education Teachers,0,20,20,-,-,-
2022,Republic of Palau,Audiologists,-,-,-,-,-,-
2022,Republic of Palau,Counselors and Rehabilitation Counselors,-,-,-,-,-,-
2022,Republic of Palau,Interpreters,-,-,-,-,-,-
2022,Republic of Palau,Medical / Nursing Service Staff,-,-,-,-,-,-
2022,Republic of Palau,Occupational Therapists,-,-,-,1,0,1
2022,Republic of Palau,Orientation and Mobility Specialists,-,-,-,-,-,-
2022,Republic of Palau,Physical Education Teachers and Recreation and Therapeutic Recreation Specialists,-,-,-,-,-,-
2022,Republic of Palau,Physical Therapists,-,-,-,0,1,1
2022,Republic of Palau,Psychologists,-,-,-,-,-,-
2022,Republic of Palau,Social Workers,-,-,-,-,-,-
2022,Republic of Palau,Speech-Language Pathologists,-,-,-,0,2,2
2022,Republic of the Marshall Islands,Special Education Paraprofessionals for Early Childhood,0,0,0,-,-,-
2022,Republic of the Marshall Islands,Special Education Paraprofessionals for School Age,0,0,0,-,-,-
2022,Republic of the Marshall Islands,Total Special Education Paraprofessionals,0,0,0,-,-,-
2022,Republic of the Marshall Islands,Special Education Teachers for Early Childhood,9,0,9,-,-,-
2022,Republic of the Marshall Islands,Special Education Teachers for School Age,67,49,116,-,-,-
2022,Republic of the Marshall Islands,Total Special Education Teachers,76,49,125,-,-,-
2022,Republic of the Marshall Islands,Audiologists,-,-,-,0,0,0
2022,Republic of the Marshall Islands,Counselors and Rehabilitation Counselors,-,-,-,0,0,0
2022,Republic of the Marshall Islands,Interpreters,-,-,-,0,0,0
2022,Republic of the Marshall Islands,Medical / Nursing Service Staff,-,-,-,0,0,0
2022,Republic of the Marshall Islands,Occupational Therapists,-,-,-,0,0,0
2022,Republic of the Marshall Islands,Orientation and Mobility Specialists,-,-,-,0,0,0
2022,Republic of the Marshall Islands,Physical Education Teachers and Recreation and Therapeutic Recreation Specialists,-,-,-,0,0,0
2022,Republic of the Marshall Islands,Physical Therapists,-,-,-,0,0,0
2022,Republic of the Marshall Islands,Psychologists,-,-,-,0,0,0
2022,Republic of the Marshall Islands,Social Workers,-,-,-,0,0,0
2022,Republic of the Marshall Islands,Speech-Language Pathologists,-,-,-,0,0,0
2022,Rhode Island,Special Education Paraprofessionals for Early Childhood,200.69,0,200.69,-,-,-
2022,Rhode Island,Special Education Paraprofessionals for School Age,1843.22,23.32,1866.74,-,-,-
2022,Rhode Island,Total Special Education Paraprofessionals,2043.91,23.32,2067.43,-,-,-
2022,Rhode Island,Special Education Teachers for Early Childhood,125.68,0.16,125.84,-,-,-
2022,Rhode Island,Special Education Teachers for School Age,1529.5,14.18,1543.68,-,-,-
2022,Rhode Island,Total Special Education Teachers,1655.18,14.34,1669.52,-,-,-
2022,Rhode Island,Audiologists,-,-,-,1,0,1
2022,Rhode Island,Counselors and Rehabilitation Counselors,-,-,-,380,0,380
2022,Rhode Island,Interpreters,-,-,-,0,0,0
2022,Rhode Island,Medical / Nursing Service Staff,-,-,-,289,0,289
2022,Rhode Island,Occupational Therapists,-,-,-,1,1,2
2022,Rhode Island,Orientation and Mobility Specialists,-,-,-,0,1,1
2022,Rhode Island,Physical Education Teachers and Recreation and Therapeutic Recreation Specialists,-,-,-,98,0,98
2022,Rhode Island,Physical Therapists,-,-,-,1,0,1
2022,Rhode Island,Psychologists,-,-,-,199,0,199
2022,Rhode Island,Social Workers,-,-,-,350,1,351
2022,Rhode Island,Speech-Language Pathologists,-,-,-,334,0,334
2022,South Carolina,Special Education Paraprofessionals for Early Childhood,626.31,32.58,658.89,-,-,-
2022,South Carolina,Special Education Paraprofessionals for School Age,4420.96,349.05,4770.01,-,-,-
2022,South Carolina,Total Special Education Paraprofessionals,5047.27,381.63,5428.9,-,-,-
2022,South Carolina,Special Education Teachers for Early Childhood,584.4,16.94,601.34,-,-,-
2022,South Carolina,Special Education Teachers for School Age,6180.64,108.72,6289.36,-,-,-
2022,South Carolina,Total Special Education Teachers,6765.04,125.66,6890.7,-,-,-
2022,South Carolina,Audiologists,-,-,-,13.94,0,13.94
2022,South Carolina,Counselors and Rehabilitation Counselors,-,-,-,182.91,12,194.91
2022,South Carolina,Interpreters,-,-,-,103.37,2.2,105.57
2022,South Carolina,Medical / Nursing Service Staff,-,-,-,218.32,3,221.32
2022,South Carolina,Occupational Therapists,-,-,-,313.26,6.17,319.43
2022,South Carolina,Orientation and Mobility Specialists,-,-,-,20.28,2,22.28
2022,South Carolina,Physical Education Teachers and Recreation and Therapeutic Recreation Specialists,-,-,-,25.16,0,25.16
2022,South Carolina,Physical Therapists,-,-,-,121.25,5.09,126.34
2022,South Carolina,Psychologists,-,-,-,543.25,9.75,553
2022,South Carolina,Social Workers,-,-,-,62.07,0,62.07
2022,South Carolina,Speech-Language Pathologists,-,-,-,243.1,3.12,246.22
2022,South Dakota,Special Education Paraprofessionals for Early Childhood,208.81,10.36,219.17,-,-,-
2022,South Dakota,Special Education Paraprofessionals for School Age,1961.73,45.82,2007.55,-,-,-
2022,South Dakota,Total Special Education Paraprofessionals,2170.54,56.18,2226.72,-,-,-
2022,South Dakota,Special Education Teachers for Early Childhood,93.28,7.06,100.34,-,-,-
2022,South Dakota,Special Education Teachers for School Age,1122.5,71.84,1194.34,-,-,-
2022,South Dakota,Total Special Education Teachers,1215.78,78.9,1294.68,-,-,-
2022,South Dakota,Audiologists,-,-,-,1,0,1
2022,South Dakota,Counselors and Rehabilitation Counselors,-,-,-,15.31,2,17.31
2022,South Dakota,Interpreters,-,-,-,20.9,0.94,21.84
2022,South Dakota,Medical / Nursing Service Staff,-,-,-,34.72,0,34.72
2022,South Dakota,Occupational Therapists,-,-,-,71.86,3.7,75.56
2022,South Dakota,Orientation and Mobility Specialists,-,-,-,0,0,0
2022,South Dakota,Physical Education Teachers and Recreation and Therapeutic Recreation Specialists,-,-,-,3.8,0.5,4.3
2022,South Dakota,Physical Therapists,-,-,-,48.5,1.5,50
2022,South Dakota,Psychologists,-,-,-,95.5,1.5,97
2022,South Dakota,Social Workers,-,-,-,5.15,1,6.15
2022,South Dakota,Speech-Language Pathologists,-,-,-,278.64,1.3,279.94
2022,Tennessee,Special Education Paraprofessionals for Early Childhood,861.32,9,870.32,-,-,-
2022,Tennessee,Special Education Paraprofessionals for School Age,8333.98,94.27,8428.25,-,-,-
2022,Tennessee,Total Special Education Paraprofessionals,9195.3,103.27,9298.57,-,-,-
2022,Tennessee,Special Education Teachers for Early Childhood,613.14,35.5,648.64,-,-,-
2022,Tennessee,Special Education Teachers for School Age,8149.81,404.01,8553.82,-,-,-
2022,Tennessee,Total Special Education Teachers,8762.95,439.51,9202.47,-,-,-
2022,Tennessee,Audiologists,-,-,-,24.3,0,24.3
2022,Tennessee,Counselors and Rehabilitation Counselors,-,-,-,193.21,8,201.21
2022,Tennessee,Interpreters,-,-,-,81.6,13,94.6
2022,Tennessee,Medical / Nursing Service Staff,-,-,-,173.97,1,174.97
2022,Tennessee,Occupational Therapists,-,-,-,396.13,33.15,429.28
2022,Tennessee,Orientation and Mobility Specialists,-,-,-,29.01,1.27,30.28
2022,Tennessee,Physical Education Teachers and Recreation and Therapeutic Recreation Specialists,-,-,-,10.7,0,10.7
2022,Tennessee,Physical Therapists,-,-,-,129.42,8.22,137.64
2022,Tennessee,Psychologists,-,-,-,679.61,27.54,707.15
2022,Tennessee,Social Workers,-,-,-,87.97,2.8,90.77
2022,Tennessee,Speech-Language Pathologists,-,-,-,1354.81,57.74,1412.55
2022,Texas,Special Education Paraprofessionals for Early Childhood,2344.1,738.23,3082.33,-,-,-
2022,Texas,Special Education Paraprofessionals for School Age,26468.39,8612.52,35080.91,-,-,-
2022,Texas,Total Special Education Paraprofessionals,28812.49,9350.75,38163.24,-,-,-
2022,Texas,Special Education Teachers for Early Childhood,1573.84,258.81,1832.65,-,-,-
2022,Texas,Special Education Teachers for School Age,26952.43,7568.19,34520.62,-,-,-
2022,Texas,Total Special Education Teachers,28526.27,7827,36353.27,-,-,-
2022,Texas,Audiologists,-,-,-,70,0,70
2022,Texas,Counselors and Rehabilitation Counselors,-,-,-,500.89,0,500.89
2022,Texas,Interpreters,-,-,-,253.44,0,253.44
2022,Texas,Medical / Nursing Service Staff,-,-,-,37.68,0,37.68
2022,Texas,Occupational Therapists,-,-,-,937.61,0,937.61
2022,Texas,Orientation and Mobility Specialists,-,-,-,159.56,0,159.56
2022,Texas,Physical Education Teachers and Recreation and Therapeutic Recreation Specialists,-,-,-,83.07,0,83.07
2022,Texas,Physical Therapists,-,-,-,298.87,0,298.87
2022,Texas,Psychologists,-,-,-,2026.61,0,2026.61
2022,Texas,Social Workers,-,-,-,78.87,0,78.87
2022,Texas,Speech-Language Pathologists,-,-,-,5568.09,0,5568.09
2022,Utah,Special Education Paraprofessionals for Early Childhood,638.24,6.74,644.98,-,-,-
2022,Utah,Special Education Paraprofessionals for School Age,4898.03,75.34,4973.37,-,-,-
2022,Utah,Total Special Education Paraprofessionals,5536.27,82.08,5618.35,-,-,-
2022,Utah,Special Education Teachers for Early Childhood,321.73,33.49,355.22,-,-,-
2022,Utah,Special Education Teachers for School Age,3446.04,338.56,3784.6,-,-,-
2022,Utah,Total Special Education Teachers,3767.77,372.05,4139.82,-,-,-
2022,Utah,Audiologists,-,-,-,21.86,0,21.86
2022,Utah,Counselors and Rehabilitation Counselors,-,-,-,208.16,5,213.16
2022,Utah,Interpreters,-,-,-,71.87,0,71.87
2022,Utah,Medical / Nursing Service Staff,-,-,-,158.07,1.2,159.27
2022,Utah,Occupational Therapists,-,-,-,150.32,1.38,151.7
2022,Utah,Orientation and Mobility Specialists,-,-,-,22.48,2,24.48
2022,Utah,Physical Education Teachers and Recreation and Therapeutic Recreation Specialists,-,-,-,56.94,2,58.94
2022,Utah,Physical Therapists,-,-,-,47.5,2.03,49.53
2022,Utah,Psychologists,-,-,-,294.77,26,320.77
2022,Utah,Social Workers,-,-,-,164.57,9.5,174.07
2022,Utah,Speech-Language Pathologists,-,-,-,755.47,11.07,766.54
2022,Vermont,Special Education Paraprofessionals for Early Childhood,170.38,11.5,181.88,-,-,-
2022,Vermont,Special Education Paraprofessionals for School Age,2380.27,80.75,2461.02,-,-,-
2022,Vermont,Total Special Education Paraprofessionals,2550.65,92.25,2642.9,-,-,-
2022,Vermont,Special Education Teachers for Early Childhood,128.09,10.43,138.52,-,-,-
2022,Vermont,Special Education Teachers for School Age,1173.06,109.37,1282.43,-,-,-
2022,Vermont,Total Special Education Teachers,1301.15,119.8,1420.95,-,-,-
2022,Vermont,Audiologists,-,-,-,6.16,0,6.16
2022,Vermont,Counselors and Rehabilitation Counselors,-,-,-,54.84,1.06,55.9
2022,Vermont,Interpreters,-,-,-,12.8,2,14.8
2022,Vermont,Medical / Nursing Service Staff,-,-,-,30.84,5,35.84
2022,Vermont,Occupational Therapists,-,-,-,78.89,5,83.89
2022,Vermont,Orientation and Mobility Specialists,-,-,-,3.47,0,3.47
2022,Vermont,Physical Education Teachers and Recreation and Therapeutic Recreation Specialists,-,-,-,0.85,0.12,0.97
2022,Vermont,Physical Therapists,-,-,-,33.02,0,33.02
2022,Vermont,Psychologists,-,-,-,98.01,0,98.01
2022,Vermont,Social Workers,-,-,-,50.85,0,50.85
2022,Vermont,Speech-Language Pathologists,-,-,-,293.64,14.96,308.6
2022,Virgin Islands,Special Education Paraprofessionals for Early Childhood,2,0,2,-,-,-
2022,Virgin Islands,Special Education Paraprofessionals for School Age,72,5,77,-,-,-
2022,Virgin Islands,Total Special Education Paraprofessionals,74,5,79,-,-,-
2022,Virgin Islands,Special Education Teachers for Early Childhood,0,4,4,-,-,-
2022,Virgin Islands,Special Education Teachers for School Age,34,46,80,-,-,-
2022,Virgin Islands,Total Special Education Teachers,34,50,84,-,-,-
2022,Virgin Islands,Audiologists,-,-,-,1,0,1
2022,Virgin Islands,Counselors and Rehabilitation Counselors,-,-,-,0,0,0
2022,Virgin Islands,Interpreters,-,-,-,3,0,3
2022,Virgin Islands,Medical / Nursing Service Staff,-,-,-,1,0,1
2022,Virgin Islands,Occupational Therapists,-,-,-,5,0,5
2022,Virgin Islands,Orientation and Mobility Specialists,-,-,-,13,0,13
2022,Virgin Islands,Physical Education Teachers and Recreation and Therapeutic Recreation Specialists,-,-,-,6,0,6
2022,Virgin Islands,Physical Therapists,-,-,-,1,0,1
2022,Virgin Islands,Psychologists,-,-,-,9,2,11
2022,Virgin Islands,Social Workers,-,-,-,4,3,7
2022,Virgin Islands,Speech-Language Pathologists,-,-,-,9,2,11
2022,Virginia,Special Education Paraprofessionals for Early Childhood,1580.33,0,1580.33,-,-,-
2022,Virginia,Special Education Paraprofessionals for School Age,12261.52,0,12261.52,-,-,-
2022,Virginia,Total Special Education Paraprofessionals,13841.85,0,13841.85,-,-,-
2022,Virginia,Special Education Teachers for Early Childhood,503.24,8.27,511.51,-,-,-
2022,Virginia,Special Education Teachers for School Age,8577.17,579.31,9156.48,-,-,-
2022,Virginia,Total Special Education Teachers,9080.41,587.58,9667.99,-,-,-
2022,Virginia,Audiologists,-,-,-,42.01,0,42.01
2022,Virginia,Counselors and Rehabilitation Counselors,-,-,-,70.2,0,70.2
2022,Virginia,Interpreters,-,-,-,280.53,0,280.53
2022,Virginia,Medical / Nursing Service Staff,-,-,-,139.53,0,139.53
2022,Virginia,Occupational Therapists,-,-,-,424.85,0,424.85
2022,Virginia,Orientation and Mobility Specialists,-,-,-,33.48,0,33.48
2022,Virginia,Physical Education Teachers and Recreation and Therapeutic Recreation Specialists,-,-,-,55,0,55
2022,Virginia,Physical Therapists,-,-,-,157.63,0,157.63
2022,Virginia,Psychologists,-,-,-,1032.17,0,1032.17
2022,Virginia,Social Workers,-,-,-,948.8,0,948.8
2022,Virginia,Speech-Language Pathologists,-,-,-,1404.96,0,1404.96
2022,Washington,Special Education Paraprofessionals for Early Childhood,939.69,10.86,950.55,-,-,-
2022,Washington,Special Education Paraprofessionals for School Age,10434.82,124.34,10559.16,-,-,-
2022,Washington,Total Special Education Paraprofessionals,11374.51,135.2,11509.71,-,-,-
2022,Washington,Special Education Teachers for Early Childhood,765.44,26.15,791.59,-,-,-
2022,Washington,Special Education Teachers for School Age,6802.62,240.54,7043.16,-,-,-
2022,Washington,Total Special Education Teachers,7568.06,266.69,7834.75,-,-,-
2022,Washington,Audiologists,-,-,-,43.9,1.13,45.03
2022,Washington,Counselors and Rehabilitation Counselors,-,-,-,247.29,9.44,256.73
2022,Washington,Interpreters,-,-,-,160.78,35.9,196.68
2022,Washington,Medical / Nursing Service Staff,-,-,-,332.91,86.61,419.52
2022,Washington,Occupational Therapists,-,-,-,685.49,25.67,711.16
2022,Washington,Orientation and Mobility Specialists,-,-,-,64.66,8.97,73.63
2022,Washington,Physical Education Teachers and Recreation and Therapeutic Recreation Specialists,-,-,-,26.02,0.2,26.22
2022,Washington,Physical Therapists,-,-,-,247.51,7.16,254.67
2022,Washington,Psychologists,-,-,-,1221.93,45.12,1267.05
2022,Washington,Social Workers,-,-,-,72.8,8.5,81.3
2022,Washington,Speech-Language Pathologists,-,-,-,1709.68,57.51,1767.19
2022,West Virginia,Special Education Paraprofessionals for Early Childhood,445,56.6,501.6,-,-,-
2022,West Virginia,Special Education Paraprofessionals for School Age,1607.6,241.4,1849,-,-,-
2022,West Virginia,Total Special Education Paraprofessionals,2052.6,298,2350.6,-,-,-
2022,West Virginia,Special Education Teachers for Early Childhood,433,59.2,492.2,-,-,-
2022,West Virginia,Special Education Teachers for School Age,2309.9,564.5,2874.4,-,-,-
2022,West Virginia,Total Special Education Teachers,2742.9,623.7,3366.6,-,-,-
2022,West Virginia,Audiologists,-,-,-,6.7,0,6.7
2022,West Virginia,Counselors and Rehabilitation Counselors,-,-,-,41.5,6.1,47.6
2022,West Virginia,Interpreters,-,-,-,45.8,16,61.8
2022,West Virginia,Medical / Nursing Service Staff,-,-,-,174.1,6.3,180.4
2022,West Virginia,Occupational Therapists,-,-,-,82.9,16,98.9
2022,West Virginia,Orientation and Mobility Specialists,-,-,-,13.3,1.1,14.4
2022,West Virginia,Physical Education Teachers and Recreation and Therapeutic Recreation Specialists,-,-,-,9.1,0.5,9.6
2022,West Virginia,Physical Therapists,-,-,-,44.6,2,46.6
2022,West Virginia,Psychologists,-,-,-,132.8,16.2,149
2022,West Virginia,Social Workers,-,-,-,16.8,2,18.8
2022,West Virginia,Speech-Language Pathologists,-,-,-,493.2,35.1,528.3
2022,Wisconsin,Special Education Paraprofessionals for Early Childhood,141.42,1.32,142.74,-,-,-
2022,Wisconsin,Special Education Paraprofessionals for School Age,6495.35,243.68,6739.03,-,-,-
2022,Wisconsin,Total Special Education Paraprofessionals,6636.77,245,6881.77,-,-,-
2022,Wisconsin,Special Education Teachers for Early Childhood,529.59,21.87,551.46,-,-,-
2022,Wisconsin,Special Education Teachers for School Age,7994.92,281.14,8276.06,-,-,-
2022,Wisconsin,Total Special Education Teachers,8524.51,303.01,8827.52,-,-,-
2022,Wisconsin,Audiologists,-,-,-,28.27,0,28.27
2022,Wisconsin,Counselors and Rehabilitation Counselors,-,-,-,220.9,4.03,224.93
2022,Wisconsin,Interpreters,-,-,-,175.18,1,176.18
2022,Wisconsin,Medical / Nursing Service Staff,-,-,-,157.99,0,157.99
2022,Wisconsin,Occupational Therapists,-,-,-,517.71,3,520.71
2022,Wisconsin,Orientation and Mobility Specialists,-,-,-,24.65,0,24.65
2022,Wisconsin,Physical Education Teachers and Recreation and Therapeutic Recreation Specialists,-,-,-,122.47,2.39,124.86
2022,Wisconsin,Physical Therapists,-,-,-,185.69,0,185.69
2022,Wisconsin,Psychologists,-,-,-,850.84,11.34,862.18
2022,Wisconsin,Social Workers,-,-,-,443.79,12.07,455.86
2022,Wisconsin,Speech-Language Pathologists,-,-,-,1800.26,17.72,1817.98
2022,Wyoming,Special Education Paraprofessionals for Early Childhood,140.17,14.05,154.22,-,-,-
2022,Wyoming,Special Education Paraprofessionals for School Age,591.48,1094.01,1685.49,-,-,-
2022,Wyoming,Total Special Education Paraprofessionals,731.65,1108.06,1839.71,-,-,-
2022,Wyoming,Special Education Teachers for Early Childhood,71.98,35.28,107.26,-,-,-
2022,Wyoming,Special Education Teachers for School Age,947.48,95.99,1043.47,-,-,-
2022,Wyoming,Total Special Education Teachers,1019.46,131.27,1150.73,-,-,-
2022,Wyoming,Audiologists,-,-,-,5.5,0,5.5
2022,Wyoming,Counselors and Rehabilitation Counselors,-,-,-,45.02,2.58,47.6
2022,Wyoming,Interpreters,-,-,-,7.7,0,7.7
2022,Wyoming,Medical / Nursing Service Staff,-,-,-,0.75,0,0.75
2022,Wyoming,Occupational Therapists,-,-,-,75.6,5.5,81.1
2022,Wyoming,Orientation and Mobility Specialists,-,-,-,0.25,0,0.25
2022,Wyoming,Physical Education Teachers and Recreation and Therapeutic Recreation Specialists,-,-,-,26.11,3,29.11
2022,Wyoming,Physical Therapists,-,-,-,25.06,0,25.06
2022,Wyoming,Psychologists,-,-,-,81.66,1.76,83.42
2022,Wyoming,Social Workers,-,-,-,78.93,11.45,90.38
2022,Wyoming,Speech-Language Pathologists,-,-,-,203.49,4.5,207.99
2022,"US, Outlying Areas, and Freely Associated States",Special Education Paraprofessionals for Early Childhood,46549.62,4439.7,50989.32,-,-,-
2022,"US, Outlying Areas, and Freely Associated States",Special Education Paraprofessionals for School Age,467129.2,37999.3,505128.7,-,-,-
2022,"US, Outlying Areas, and Freely Associated States",Total Special Education Paraprofessionals,513678.82,42439,556118.02,-,-,-
2022,"US, Outlying Areas, and Freely Associated States",Special Education Teachers for Early Childhood,33685.99,2257.54,35943.53,-,-,-
2022,"US, Outlying Areas, and Freely Associated States",Special Education Teachers for School Age,401787.6,38942.61,440730.21,-,-,-
2022,"US, Outlying Areas, and Freely Associated States",Total Special Education Teachers,435473.59,41200.15,476673.75,-,-,-
2022,"US, Outlying Areas, and Freely Associated States",Audiologists,-,-,-,1321.4,33.04,1354.44
2022,"US, Outlying Areas, and Freely Associated States",Counselors and Rehabilitation Counselors,-,-,-,23456.1,648.05,24104.15
2022,"US, Outlying Areas, and Freely Associated States",Interpreters,-,-,-,5614.78,573.95,6188.73
2022,"US, Outlying Areas, and Freely Associated States",Medical / Nursing Service Staff,-,-,-,19714.4,916.23,20630.73
2022,"US, Outlying Areas, and Freely Associated States",Occupational Therapists,-,-,-,25810.19,883.44,26693.63
2022,"US, Outlying Areas, and Freely Associated States",Orientation and Mobility Specialists,-,-,-,1422.02,63.88,1485.9
2022,"US, Outlying Areas, and Freely Associated States",Physical Education Teachers and Recreation and Therapeutic Recreation Specialists,-,-,-,12372.64,579.46,12952.1
2022,"US, Outlying Areas, and Freely Associated States",Physical Therapists,-,-,-,8842.82,358.85,9201.67
2022,"US, Outlying Areas, and Freely Associated States",Psychologists,-,-,-,40940.7,791.41,41732.11
2022,"US, Outlying Areas, and Freely Associated States",Social Workers,-,-,-,23822.74,825.6,24648.34
2022,"US, Outlying Areas, and Freely Associated States",Speech-Language Pathologists,-,-,-,78437.64,1860.26,80298
,,,,,,,,
 -------------------,,,,,,,,
 -  Data not available.,,,,,,,,
* Data flagged due to questionable data quality,,,,,,,,
,,,,,,,,
"Source: U.S. Department of Education, Office of Special Education Programs. EDFacts Data Warehouse (EDW): ""IDEA Part B Personnel,"" 2022-23. Data extracted as of February 21, 2024 from file specifications 070, 099, and 112. ",,,,,,,,
